FacilityName,StreetAddress
Diaz Recycling,2517 E Fremont St
Salinas Recycling,3706 McCall Ave
Go Green Recycling Inc,2214 Robindale Ave
Perez Recycling II,17068 Rd 26
Diaz Recycling,548 S Sacramento St
Anderson Recycle Center,35442 Highway 41
BC Recycling,1145 Park Blvd
San Benito Recycling,10 4th St
Farmers Country Market,7672 Greenback Ln
Recycle OXBA,3053 E Shields Ave
Mings Recycling Corp,3316 47th Ave
Mammoth Disposal Recycling,59 Commerce Dr
Turlock Recycling,1020 S Walnut Rd
Cal Sierra Recycling,14959 Camage Ave
One Stop Recycling,810 B East St
AMD Recycling,150 Howson St
AMD Recycling Inc,324 Kings St
D C Metals,6849 28th St
Blue Line Transfer Inc,500 E Jamie Ct
Clovis Recycling Center,710 Jefferson Ave
Bairos Recycling Inc,2788 S Orange Ave
Browns Supply Inc,219 Wye Rd
Stockton Recycling Center,1533 Waterloo Rd
Fresno Recycling,1701 S Orange Ave
Danny Recycling Center,1745 Walsh Ave
Sunshine Steel Enterprises Corp,8265 Belvedere Ave
Allan Co,2607 E Woodward St
Mountain View Recycling Center,935 Terra Bella Ave
Penas Recycling Center,12094 Avenue 408
F & T Recycling,29424 Auberry Rd
The Buy Back,669 Gilman St
Dinuba Recycle Center,267 S Uruapan Way
Yolo Employment Services,660 6th St
Western Metal Co,2910 S Cherry Ave
Manor Market,3100 W Line St
Schnitzer Steel Industries Inc,12000 Folsom Blvd
Levis Iron and Metal Inc,2727 S Chestnut Ave
El Dorado Disposal,4421 Latrobe Road
National Recycling Corp,1312 Kirkham St
Solano Garbage Co,2901 Industrial Ct
Vacaville Sanitary Service Recycling Center,855 1/2 Davis St
Recology Dixon,302 N 1st St
Ceres Recycling Center,3940 Moffett Rd
H and B Recycling,521 S Stanislaus St
A & S Metals,11340 Commercial Pkwy
A & S Metals,1616 Angelo Way
West County Resource Recovery,101 Pittsburg Ave
A & S Metals,456 Brunken Ave
Brogard Inc,470 Caletti Ave
J J Recycling,23519 Robertson Blvd
Mid Valley Recycling,1520 Meredith Ave
Brunos Iron and Metal LP,3211 S Golden State Blvd
Mariposa County Landfill Recycling Center,5593 Highway 49 N
J and M Recycling Inc,2205 Rice Ave
A 1 Recycling #2,2259 W Tahoe St
Recycling Zone Inc,4989B Peabody Rd
Universal Service Recycling Merced Inc,450 N Tower Rd
El Dorado Disposal Service,580 Truck St
El Dorado Disposal Service,3510 Palmer Dr
S & D Recycling,1149 Kansas Ave
Mid Valley Recycling,9900 Stephens St
Universal Recycling Service Inc,3200 S El Dorado St
Clovis Recycling,1059 Hoblitt Ave
J L Recycling,731 Poplar Ave
Marias Recycling Center,21813 Highway 33
J L Recycling,7547 Watt Ave
Diaz Recycling,6011 N El Dorado St
Salinas Recycling,1368 Church St
American Iron & Metals,1050 Brookside Dr
Bay Counties Waste Services Inc,301 Carl Rd
GL Perez Inc,625 N Gateway Dr
Buy Back Inc,1405 W Shields Ave
Go Green Recycling Inc,45 W Grantline Rd
EOC Local Conservation Corps Recycling at Friant Trading Post,17108 N Friant Rd
Riverbank Recycling,2780 C Patterson Rd
Valley Springs Recycling,148 Main St
Brambila Recycling,2330 BROADWAY
J & D Recycling,1015 N Amphlett Blvd
Allan Co,2525 S Sunland Ave
Los Botis Recycling,1217 9TH ST
Go Green Recycling,1803 S STOCKTON ST
Capital City Recycling Inc,3185 LONGVIEW DR UNIT C
Go Green Recycling Inc,1600 MCCORMICK ST
Recycling of Reedley,920 N Alta Ave
Jerry & Willie's Recycling,40091 Enterprise Dr Ste F
Brambila Recycling Co,5600 Freeport Blvd
Tokay Valley Recycling Inc,60 S Cluff Ave
American Recycling,6981 Winton Way
Schnitzer Steel Industries Inc,11665 BERRYESSA RD
Diaz Recycling,5121 Holiday Dr
American Recycling,15292 LIBERTY ST
Diaz Recycling,2509 A West Ln
P & R Recycling,324 N Cherokee Ln
All Sac Metals,5340 ROSEVILLE RD
Central Valley Recycling,291 5th St
River City Waste Recyclers,8940 Elder Creek Rd
Salinas Recycling,316 Commission St
Valley Wide Recycling,1502 E Yosemite Ave
American Recycling Company LLC,2070 Morgan Rd
California Recycling Center,1642 Elgin Ave
Salinas Recycling,2965 WHITSON ST
Baeza Recycling,1500 DALLAS ST
Universal Service Recycling Inc,570 S 9TH ST
Sun's Pad & Foam Recycling,108 Medburn St B1
Diaz Recycling,1049 W YOSEMITE AVE
Universal Service Recycling Inc,8455 24TH AVE
Curbside Recycling,4825 E OLIVE AVE
Green Zone Recycling,225 Industrial Way Ste C
Mondragon Recycling Center,12944 S ELM AVE
Skee's Recycling,4628 E Thomas Ave
Kings View Recycling Center,100 Air Park Rd
Star Recycling Co,2221 SCENIC DR
Rodriguez Recycling,338 N YOSEMITE AVE
Rodriguez Recycling,1362 E F ST
TKO Recycling Inc,11493 FOLSOM BLVD
Martin's Recycling,6310 Chestnut St
Mid Valley Recycling,985 E MANNING AVE
Dos Palos Recycling Co,1565 OLIVINA AVE
I Buy Recycling,3232 E VENTURA AVE
Granda's Recycling,1769 E MARIPOSA RD
Sandoval Recycling,3317 HIGHWAY 132
A & S Metals,2901 N Highway 59
JF Huerta Recycling,1264 E Gibson Rd
Super Recycling,12400 AVENUE 416
Delta Scrap and Salvage Inc,1371 Main St
Blue Front Recycling,2877 SOLANO AVE
American Canyon Redemption Center,3915 Broadway St
Rai Recycling,7891 STOCKTON BLVD
2 Sisters Recycling LLC,2390 FLORIN RD
Granda's Recycling,890 N MAIN ST
A & S Metals Inc,2510 TECHNOLOGY DR
Watsonville Metals Company Incorporated,213 Dias Ln
Solorzano Recycling,18430 County Rd 102
Billionaire Family Recycling,1500 W El Camino Ave #532
Refund Recycle Center LLC,2680 Old First St
M & R Recycling,12811 E Brandt Rd Unit B
Pacific Recycling,814 A ST
Town Clean Recycle Center,1600 BROADWAY
Belen's Recycling,13639 E Manning Ave
Ocean's Recycling,4551 MACK RD
Vargas Recycling,18754 E Hwy 26
Valley Springs Recycling,197 E Saint CHARLES ST
Rodriguez Recycling,121 E GRANT AVE
CRV Recycling,1439 S CEDAR AVE
Rai Recycling,6234 AUBURN BLVD
Fry's Metals,1845 W WINTON AVE
Ocean's Recycling LLC,5301 Fruitridge Rd
A Robinson Recycle Center,7246 Franklin Blvd
A Robinson Recycle Center,8126 SHELDON RD
M Lopez Recycling Inc,2835 NORWOOD AVE
CR Recycling Co,5200 FRANKLIN BLVD
Recycling Zone Inc,181A CLARK AVE
Pacific Recycling,8700 GREENBACK LN
Gaytan Recycling,609 RIVERSIDE AVE
Pacific Recycling,301 4TH ST
Pacific Recycling,14301 SAN PABLO AVE
Go Green Recycling Salida,4931 Salida Blvd Unit A
M & R Recycling,12351 MARTELL RD
Silva Recycling,6401 Rio Linda Blvd
Modesto Go Green Recycling,2413 Yosemite Blvd
Valley Recycling Inc,19394 State Hwy 88
Valley Springs Recycling,494 N MAIN ST
Planet X Recycling,9075 E Hwy 140
Sonora Recycling,18647 Eagle Ridge Dr
Stacey's Recycling Center,1805 Richland Ave
M & R Recycling,313 PRESTON AVE
X-Change Recycling,2664 Jensen Ave
Sanchez Recycle LLC,22012 E MANNING AVE
Los Botis Recycling #2,5789 Anthony Ave
Ada's Recycling,640 E Boronda Rd
Ada's Recycling,7925 SAN MIGUEL CANYON RD
M Lopez Recycling Inc,400 EL CAMINO AVE
C & M Recycling,107 S 2nd St
Belen's Recycling,796 FRESNO ST
Devlin Road Transfer Station Buy Back,889 Devlin Rd
True Value,345 W Main St
Go Green Recycling Inc,2066 W Yosemite Ave
A & S Metals,1080 W BEACH ST
Salinas Recycling #2,1275 S MAIN ST
A & S Metals,644 E OLIVE AVE
Mondragon Recycling Center,5688 S ELM AVE
Osornio's Recycling Center,647 W El Monte Way #F
Sandoval Recycling,5471 7TH ST
Granda's Recycling,2101 W RUMBLE RD
Granda's Recycling,1393 E YOSEMITE AVE
Clarissa's Recycling,1022 FRONTAGE RD
Calwa Recycling,4545 E Church Ave
Ivan's Recycling,7825 LICHEN DR
M & R Recycling,741 S CHEROKEE LN
Valdez Recycling,9833 Kent St Ste 101
Ocean's Recycling LLC,9160 ELK GROVE FLORIN RD
N Leasing Company LLC,3911 Santa Rosa Ave
Novato Recycling Center,7576 REDWOOD BLVD
Gaytan Recycling,1001 SACRAMENTO AVE
Recology Davis,2727 2nd St
Santana Recycling,3740 BALSAM ST
Norcal Recycling,800 Church St
Brambila Recycling,370 SEBASTOPOL RD
San Jose Metals Inc,1032 N 10th St
Merced Recycling,455 15th St
ZARC International LLC,26 S Linden Ave
Pleasant Hill Recycling Center,1320 Galaxy Way
VALCORE Recycling,38 Sheridan St
Tri Ced Community Recycling,33377 Western Ave
Vaca Recycling,1193 E Monte Vista Ave Ste B
"Sanchez Cash For Cans, LLC",1468 44th Ave
Petaluma Recycling Center,315 2ND ST
Norcal Recycling,1811 DOUGLAS BLVD
Alejandra's Recycling Center,1424 COFFEE RD
Discount General Merchandise,370 B ST
Gaytan Recycling,6220 FRUITRIDGE ROAD
Sandoval Recycling,954 W MAIN ST
Rios Recycling,452 NAPLES ST
Contreras Recycling Center,17477 W WHITESBRIDGE AVE
Contreras Recycling,8676 S 8TH ST
S V Recycling,8110 Junipero St
Rios Recycling,1639 N ST
Ocean's Recycling LLC,6019 STOCKTON BLVD
Clarissa's Recycling,615 PARADISE RD
Joyee's Recycling,1107 N LAKE ST
Jorge Pereyra Recycling,1825 Academy Ave
Recycling Zone Inc,1973 BROADWAY ST
A & S Metals,1277 N DAVIS RD
Lemire's Recycling,120 S ORCHARD AVE
M & R Recycling,659 HIGHWAY 12
Ranch Town Recycling Center,775 Lincoln Ave
Story Road Recycling LLC,1303 Story Rd
Sandoval Recycling,2000 N CENTRAL AVENUE
Petes Recycling,24476 Avenue 14
Santana Recycling,1725 CAVALLO RD
Grey Bears,9835 NEWELL CREEK RD
LTS Recycling,21727 W MANNING AVE
Gaytan Recycling,6800 FRUITRIDGE RD
KBJ Recycling,325 L St
AAA Recycling,875 ATWATER BLVD
AAA Recycling,16385 W SCHENDEL AVE
AAA Recycling,242 N MAIN ST
Quiroz Recycling,2507 Nebraska Ave
Recycling of Reedley,640 E Dinuba Ave
Hollister Recycling,1771 San Felipe Rd
TopRecycling LLC,4900 ELK GROVE BLVD
Ashley Recycling,24117 Avenue 9
Ocean's Recycling LLC,7421 W STOCKTON BLVD
Santana Recycling,8363 FOLSOM BLVD
Ada's Recycling,1949 FREMONT BLVD
Clarissa's Recycling,3800 MCHENRY AVE
Our Planet Recycling SF,445V BAYSHORE BLVD
Sanchez Recycle LLC,850 I ST
Dreams Recycling LLC,15057 W WHITESBRIDGE AVE
J&D Recycling,3401 MIDDLEFIELD RD
J&D Recycling,99 SOUTHGATE AVE
J&D Recycling,60 CABRILLO HWY NORTH
JL Recycling Co,3270 NORTHGATE BLVD
Jose Recycling,3801 YOSEMITE BLVD
Eva's Recycling,2815 W Olive Ave
Recycling Zone Inc,3300 PACHECO BLVD
Olyns,555 E CALAVERAS BLVD
M Lopez Recycling Inc,4148 MONTEREY RD
DMR Recycling,1461 N St
Contreras Recycling Center #3,850 NAPLES ST
Our Planet Recycling SF LLC,250 13TH ST
Our Planet Recycling SF LLC,265 WINSTON DR
Gaytan Recycling,5885 STOCKTON BLVD
Recycle Planet Inc,6935 Power Inn Rd
Valley Springs Recycling,18170 STATE HIGHWAY 49
Dinuba Mini Mart Recycling,10014 S ALTA AVE
Gaytan Recycling,8038 GREENBACK LN
Jesus Facility #2,12511 W G ST
JV Recycling,3021 SUNRISE BLVD
IB Recycling,2267 Northgate Blvd
JADO Recycling,22330 HATHAWAY AVE
Sunset Recycling Center,345 WILLIAMS AVE
Jado Recycling,39200 PASEO PADRE PKWY
Dayanara's Recycling,1740 E 21st St
Santana Recycling,7007 S LAND PARK DR
Tollhouse,1427 TOLLHOUSE RD
Dreams Recycling LLC,15401 W California Ave
Olyns,150 E EL CAMINO REAL
Olyns,20620 HOMESTEAD RD
JADO Recycling,4650 MERIDIAN AVE
Valley Wide Recycling,37357 AVENUE 12
Olyns,3970 RIVERMARK PLZ
Green World Recycling,3460 OAKDALE RD
Our Planet Recycling SF LLC,445V Bayshore Blvd
Recycle Transfer Reuse Recyco Inc,4585 E Olive Ave
JL Recycling Co,1000 DOUGLAS BLVD
JADO Recycling,46 FIFTH AVE
Jado Recycling,523 S SHORE CENTER W
Jiffy Lube,3927 McHenry Ave
Cal Sierra Recycling Center,14959 Camage Ave
Berkeley Oil Recycling Depot,1201 2nd St
AutoZone #5319,4266 E Clinton
AutoZone #5316,4210 E Belmont
Solano Garbage Company,2901 Industrial Court
Kniesel's Automotive,7649-A Sunrise Blvd
Recology Vallejo,2021 Broadway
Steve Hopkins Honda,2499 Auto Mall Parkway
Jiffy Lube #0598,1130 N Main St
Davis Waste Removal Recycling Ctr,2727 2nd St
Quality Tune-Up #14,1175 Fell St
Dan's Auto Center,49329 Golden Oak Loop
Mariposa Landfill & Recycling Center,5593 Hwy 49 N
Firestone #012580 Hayward,24019 Mission Blvd
Firestone #21199 Blackstone,6512 N Blackstone Ave
Firestone #024716 Clovis,790 Clovis Ave
Firestone #022985 Shaw Ave.,4330 W Shaw Ave
Firestone #029777 Fairfield,1340 Travis Boulevard
Firestone #012645 Mission,1501 Mission Street
Firestone #029815 Southland,715 La Playa Dr
Firestone #029947 Salinas,150 Northridge Shopping Ctr
Firestone #012785 Millbrae,1201 El Camino Real
Firestone #015458 Newark,5795 Mowry Ave
Firestone #015504 Antioch,3214 Delta Fair Blvd
Firestone #013463 Coddingtown,850 Coddingtown Ctr
Firestone #023175 Vacaville,1200 E Monte Vista Avenue
Firestone 007110 Watsonville,1099 S Green Valley Road
Firestone #013056 Fruitridge,5781 Stockton Blvd
Firestone #013064 Marconi,2547 Marconi Ave
Firestone #017663 Roseville,8051 Washington Boulevard
Firestone #015199 Rancho Cordova,10407 Folsom Blvd
Firestone Store #021156 North Highlands,4637 Watt Avenue
Firestone #015911 Milpitas,1379 S Park Victoria Drive
Firestone #012858 Redwood City,1458 El Camino Real
Firestone #012823 Fremont,40861 Fremont Blvd
Firestone Store #017655 Greenback,7895 Greenback Lane
SpeeDee Oil Change & Tune-Up,6604 Folsom-Auburn Rd
Firestone #012882 Santa Clara,3161 El Camino Real
Firestone #029904 Richmond,1001 Hilltop Mall
Firestone #029734 Concord,715 Contra Costa Blvd
Firestone #023574 Sunnyvale,922 W El Camino Real
Firestone #23213 Broadway,2850 Broadway
Montezuma Fire Protection District Sta #18-1,2405 South B St
Auto Express,2842 Soquel Ave
A&B TRUCK REPAIR A&B Truck Parts,959 S 9th St
M & R Automotive,1281 El Camino Real
SpeeDee Oil Change & Tune-Up,471 San Carlos Way
O’Reilly Auto Parts #3445,1800 Park Boulevard
O’Reilly Auto Parts #3446,401 Rodriquez St
O’Reilly Auto Parts #3552,812 Francisco Boulevard West
O’Reilly Auto Parts #3526,3855 Geary Boulevard
O’Reilly Auto Parts #3470,3580 Sonoma Blvd
O’Reilly Auto Parts #3481,1905 Tully Rd
O’Reilly Auto Parts #3482,800 Jackson Street
O’Reilly Auto Parts #3502,243 23rd Street
O’Reilly Auto  Parts #3473,4240 International Blvd.
O’Reilly Auto Parts #3447,3489 McKee Rd
O’Reilly Auto Parts #3468,2640 S. El Camino Real
O’Reilly Auto Parts #3471,15604 Hesperian Boulevard
O’Reilly Auto Parts #3477,420 W Lodi Avenue
O’Reilly Auto Parts #3464,35382 Newark Blvd
O’Reilly Auto Parts #3474,2411 El Camino Real
O’Reilly Auto Parts #3485,2024 A Street
O’Reilly Auto Parts #3497,1194 West Tennyson Road
O’Reilly Auto Parts #3476,5 Skyline Plaza
O’Reilly Auto Parts #3503,1720 Fremont Blvd
O’Reilly Auto Parts #3465,6150 Watt Ave
O’Reilly Auto Parts #3475,7100 Regional Street
O’Reilly Auto Parts #2871,181 Depot St
O’Reilly Auto Parts #2571,1601 Decoto Road
O’Reilly Auto Parts #2910,4400 Broadway
O’Reilly Auto Parts #2586,724 Gravenstein Hwy N
O’Reilly Auto Parts #2567,1440 E Harding Way
O’Reilly Auto Parts #2568,7349 Greenback Ln
O’Reilly Auto Parts #2594,5908 Stockton Blvd
O’Reilly Auto Parts #2600,6405 N Blackstone Avenue
O’Reilly Auto Parts #2604,411 May Ave
O’Reilly Auto Parts #2602,4200 Macarthur Boulevard
O’Reilly Auto Parts #2769,6404 Pacific Avenue
O’Reilly Auto Parts #2664,1177 E Manning Avenue
O’Reilly Auto Parts #2554,1219 S Main St
O’Reilly Auto Parts #2922,3544 McHenry Ave
O’Reilly Auto Parts #2584,709 Jefferson Blvd
O’Reilly Auto Parts #2813,695 S Washington St
O’Reilly Auto Parts #2879,1803 N Texas St
O’Reilly Auto Parts #2575,590 Raleys Towne Ctr
O’Reilly Auto Parts #2876,1354 E Hatch Rd
O’Reilly Auto Parts #2580,245-B Mt Herman Rd
O’Reilly Auto Parts #2590,4423 Elkhorn Blvd
O’Reilly Auto Parts #2763,1475 A 41st Ave
O’Reilly Auto Parts #3461,106 Harding Blvd
O’Reilly Auto Parts #2878,2990 Castro Valley Blvd
O’Reilly Auto Parts #2562,608 Shaw Avenue
O’Reilly Auto Parts #2780,35680 Fremont Blvd
O’Reilly Auto Parts #2850,2396 East 14th Street
O’Reilly Auto Parts #2825,4969 E Kings Canyon Rd
O’Reilly Auto Parts #2566,2290 Jefferson St
O’Reilly Auto Parts #3561,10680 San Pablo Avenue
O’Reilly Auto Parts #2561,2560 Cottage Way
O’Reilly Auto Parts #2934,5945 Dougherty Rd
O’Reilly Auto Parts #2631,250 Reservation Rd
O’Reilly Auto Parts #2900,701 Bellevue Ave
O’Reilly Auto Parts #2880,1341 Country Club Dr
O’Reilly Auto Parts #2573,6101 Mack Rd
O’Reilly Auto Parts #2577,3970-F Missouri Flat Road
O’Reilly Auto Parts #2599,289 W Napa St
O’Reilly Auto Parts #3097,3499 Northgate Blvd
O’Reilly Auto Parts #3557,4158 N West Ave.
O’Reilly Auto Parts #2788,515 Healdsburg
O’Reilly Auto Parts #3501,515 E Yosemite Avenue
O’Reilly Auto Parts #3556,1323 2nd Street
O’Reilly Auto Parts #2593,3659 Bradshaw Rd
O’Reilly Auto Parts #2886,2654 Whitson Avenue
O’Reilly Auto Parts #2728,41085 Fremont Blvd
O’Reilly Auto Parts #2743,1059 El Camino Real
O’Reilly Auto Parts #2736,3323 Tracy Boulevard
O’Reilly Auto Parts #2744,1588 Railroad Avenue
Recology Hay Road,6426 Hay Rd
O’Reilly Auto Parts #2915,3031 N Cedar Avenue
O’Reilly Auto Parts #2703,510 West Olive Avenue
O’Reilly Auto Parts #2721,1190 East F Street
O’Reilly Auto Parts #2702,43A S Sanborn Rd
O’Reilly Auto Parts #2755,704 N Central
O’Reilly Auto Parts #3505,4323 N Blackstone
Twain Harte Shell,22890 Twain Harte Dr
R & R Auto Repair Shop,115 W Merced St.
O’Reilly Auto Parts #2774,643 Bethel Avenue
Clovis Drop Shop,"972 Barstow Ave, Unit E"
O’Reilly Auto Parts #2807,5417 Auburn Ave
O’Reilly Auto Parts #2800,1601 Lander Ave
10 Minute Lube N' Oil,437 N Golden State Blvd
9 Minute Oil & Lube Co,3839 El Camino Real
O’Reilly Auto Parts #2821,10117 Folsom Blvd
Jiffy Lube #1478,1648 E Hammer Lane
Jiffy Lube #1480,240 W Ashlan Ave
O’Reilly Auto Parts #3451,1910 Mendocino Ave
O’Reilly Auto Parts #2570,1543 Farmers Ln
Jiffy Lube #0723,3896 N. Blackstone Ave
Speed Lube Oil Change,14639 San Pablo Ave
Pep Boys #840,170 E El Camino Real
O’Reilly Auto Parts #2832,2421 Del Paso Blvd
Firestone #022845 Tully Road,1895 Tully Road
Pinole-Rodeo Auto Wreckers,700 Parker Avenue
Jiffy Lube #1479,146 N 6th Ave
Freeman Toyota,2875 Corby Ave
Big G's Automotive Center,1091 N Street
Pep Boys #723,2500 Arden Way
Pep Boys #624,716 Broadway St
Pep Boys #639,3655 N Blackstone
Pep Boys #711,4987 West Ln
Pep Boys #816,30085 Industrial Pkwy
Pep Boys #828,2730 Story Rd
Pep Boys #719,5135 Auburn Blvd
Pep Boys #634,1340 McHenry Ave
Pep Boys #649,1207 W Main St
Pep Boys #873,3780 Stevens Crk Blvd
Pep Boys #815,128 Plaza Dr
Pep Boys #714,5895 47th St
O’Reilly Auto Parts #2833,1442 Fitzgerald Drive
O’Reilly Auto Parts #2581,1200 El Camino Real
O’Reilly Auto Parts #2587,4300 Marconi
O’Reilly Auto Parts #2588,1317 Florin Rd
O’Reilly Auto Parts #2607,7800 Sunrise Blvd
O’Reilly Auto Parts #2641,1400 S Novato Blvd
O’Reilly Auto Parts #2765,430 Cherokee S Lane
O’Reilly Auto Parts #2768,16 W Court St
Pep Boys #712,10899 Folsom Blvd
Tracy Material Recovery & Transfer Facility,30703 S MacArthur Dr
Pep Boys #673,5615 E Kings Canyon Rd
The Tred Shed,50 Bliss Ave
Sonora Express Lube #1,14490 Mono Way
Pep Boys #710,845 E Charter Wy
Pep Boys #774,3534 Northgate Blvd
Pep Boys #777,4490 W Shaw Ave
Pep Boys #668,693 W Shaw Ave
Eagle Quick Lube,40179 Enterprise Dr #G
Pep Boys #862,4805 Redwood Dr
Benjamin Tire & Brake,250 Airport Blvd
Big O Tires,1115 Healdsburg Ave
Dave's Auto Repair,1911 Bodega Ave
Pep Boys #968,520 Contra Costa Blvd
Sonora Express Lube #2,6 Pesce Way
Pep Boys #847,14845 E 14th St
O’Reilly Auto Parts #2829,3232 Foothill Blvd
O’Reilly Auto Parts #2854,813 E El Camino Real
O’Reilly Auto Parts #2913,2027 El Camino Real
O’Reilly Auto Parts #2912,1626 Freedom Blvd
SpeeDee Oil Change & Tune-up,801 El Camino Real
Michael Cadillac,5737 N Blackstone
O’Reilly Auto Parts #2938,1623 N Carpenter Rd
O’Reilly Auto Parts #2917,3228 Hammer Lane
Michael Toyota,50 W Bullard Ave
O’Reilly Auto Parts #2901,40 W 16th St
O’Reilly Auto Parts #2991,989 N Main St
O’Reilly Auto Parts #2916,1707 Airline Hwy
Paradise Point Engine & Boat Repair,8090 Rio Blanco Rd
Ernie's Service Center,6281 Graham Hill Road
Jiffy Lube #1948,2026 Columbus Parkway
O’Reilly Auto Parts #2893,14420 San Pablo Avenue
O’Reilly Auto Parts #3006,6608 Fair Oaks Blvd
AutoZone #2858,1100 N Wilson Way
O’Reilly Auto Parts #3535,1272 El Camino Real
AutoZone #2874,211 N Gateway Dr
AutoZone #2833,1741 E El Monte Way
O’Reilly Auto Parts #3020,309 W. Dr Martin Luther King Jr. Blvd
AutoZone #5698,401 Paradise Rd
Pick-N-Pull/Rancho Cordova #1,3419 Sunrise Blvd
AutoZone #2862,1111 Academy Ave
Santa Nella Travel Center,12310 S Hwy 33
AutoZone #2876,820 E California Ave
AutoZone #2868,1901 Prescott Rd
AutoZone #2867,8135 Florin Rd
Pick-N-Pull/Windsor #4,10475 Old Redwood Hwy
AutoZone #5506,470 Bellevue Road
AutoZone #2815,2101 Whitson St
O’Reilly Auto Parts #3139,2500 San Bruno Avenue
O’Reilly Auto Parts #3533,1405 N. First Street
O’Reilly Auto Parts #3003,301 W. Olive Ave
AutoZone #2892,4674 E Kings Canyon Rd
Pick-N-Pull/Moss Landing #42,516 Dolan Road
Pick-N-Pull/Modesto #2,10860 Gold Center Dr. Suite 250
AutoZone #5916,429 Blue Ravine Rd
O’Reilly Auto Parts #3531,1170 Blossom Hill Rd
AutoZone #5230,10111 International Blvd
O’Reilly Auto Parts #3030,1191 Riley St
AutoZone #5321,3102 E Gettysburg Ave
AutoZone #5587,8129 Auburn Blvd
Pick-N-Pull/Merced #5,1150 E. Childs Avenue
AutoZone #5588,"1018 ""C"" St Ste 200"
AutoZone #5510,510 Canal St. #A
AutoZone #5585,6920 Sunrise Blvd
O’Reilly Auto Parts #2884,8158 Gerber Rd
AutoZone #5507,665 Pacheco Blvd
AutoZone #5594,3121 Marysville Blvd
AutoZone #5937,13102 San Pablo Ave
AutoZone #5603,3455 Watt Ave
AutoZone #5604,271 McCray St
AutoZone #3306,927  S. Clovis Ave
AutoZone #5311,1350 MacDonald Ave
AutoZone #5593,1900 Broadway
AutoZone #5699,1032 Oakdale Road
AutoZone #5700,"1474 E ""F"" St"
AutoZone #5599,2720 Florin Rd
Pick-N-Pull/Stockton,3927 Clark Drive
AutoZone #5513,17643 Vierra Canyon Rd
Mountain Mechanics,13265 Big Basin Way
AutoZone #5512,1011 E Alisal St
AutoZone #5596,3333 Fruitridge Rd
AutoZone #5711,1091 Sanguinetti Rd
AutoZone #5696,730 Admiral Callaghan Ln
AutoZone #5693,288 Sunset Ave
AutoZone #5597,5501 Folsom Blvd
AutoZone #5317,4031 N Marks Ave.
AutoZone #5685,8228 West Lane
AutoZone #5694,2480 Nut Tree Rd
AutoZone #5721,90 W Main St
AutoZone #2895,5820 Auburn Blvd.
AutoZone #5701,1272 Geer Rd
O’Reilly Auto Parts #3132,2020 Alamo Dr
Pep Boys #562,1401 Cherokee Ln
Firestone #598763 Winchester,2120 Winchester Boulevard
O’Reilly Auto Parts #3091,2451 N Sierra Highway
O’Reilly Auto Parts #3137,2150 Taraval Street
O’Reilly Auto Parts #3138,3541 Callan Boulevard
AutoZone #5229,3050 E 9th St
Stockton Sailing Club,4980 Buckley Cove Way
AutoZone #5682,1300 W Kettleman Ln
AutoZone #5508,"1635 ""R"" St"
AutoZone #3326,2309 W Hammer Ln
AutoZone #3336,10791 Folsom Blvd
AutoZone #5601,5305 Fruitridge Rd
AutoZone #5684,1339 S Sutter St
O’Reilly Auto Parts #3538,610 Williams Rd
German Auto Clinic,2040 N. Main St. Unit #11
O’Reilly Auto Parts #3179,6628 Laguna Blvd
O’Reilly Auto Parts #3184,2750 Florin Rd
SpeeDee Oil Change & Tune-Up,1675 Tuolumne St.
AutoZone #5720,1400 W Capitol Ave
O’Reilly Auto Parts #3218,1681 Research Park Drive
O’Reilly Auto Parts #3222,1200 W. Lathrop Road
O’Reilly Auto Parts #3219,3993 Foothills Blvd
AutoZone #3334,5267 Clayton Rd
O’Reilly Auto Parts #3450,9989 San Pablo Avenue
AutoZone #3324,1502 Freedom Blvd.
O’Reilly Auto Parts #3148,3071 West Clinton Ave.
Pep Boys #827,1087 Old County Rd
SpeeDee Oil Change and Tune Up,1825 E Capitol Expressway
AutoZone #3343,401 East Leland Rd.
AutoZone #5924,2690 Story Rd
O’Reilly Auto Parts #3457,3398 Coach Lane
AutoZone #3349,5747 Pacheco Blvd.
John's Bascom Automotive,1305 S. Bascom Ave.
Jiffy Lube #2497,4715 N West Lane
O’Reilly Auto Parts #3516,2542 Patterson Road Ste. A
O’Reilly Auto Parts #3488,1844 Springs Road
Rock & Roll Auto Recycling,3908 Old Santa Rita Rd.
AutoZone #3357,3533 Mac Arthur Blvd
O’Reilly Auto Parts #3522,16060 Monterey Rd. Ste 100
O’Reilly Auto Parts #3220,3426 Deer Valley Road
O’Reilly Auto Parts #3484,24247 Hesperian Blvd
O’Reilly Auto Parts #2949,"1500 Monument Boulevard, Ste. D"
"Razzari Dodge, Inc.",1605 Auto Center Drive
Firestone #591440 Travis AFB,"Building 170, Travis Avenue"
O’Reilly Auto Parts #2872,505 Contra Costa Boulevard
AutoZone #3335,147 S. Main St.
Jiffy Lube #2322,500 E. Kettleman Lane
AutoZone #5322,343 W. Shaw Ave.
Autozone #5309,2595 Main St.
Truck Lubrication Company,523 W. Larch Rd. Ste #A
Oil Express,1033 Arnold Drive
Oil Express,1935 Market Street
7 Flags Express Lube & Oil Change,2270 N. Texas St.
O’Reilly Auto Parts #3558,7933 Watt Ave.
O’Reilly Auto Parts #3570,1988 Broadway Ave.
O’Reilly Auto Parts #3553,6500 Hembree Lane #225
O’Reilly Auto Parts #2608,7283 Mission Street
Oil Express,3500 Alhambra Ave
O’Reilly Auto Parts #2629,1810 Alum Rock Ave.
Pick-N-Pull/San Jose South,1675 Monterey Road
O’Reilly Auto Parts #2556,3095 Silver Creek Rd.
O’Reilly Auto Parts #2555,1160 N. 4th St.
O’Reilly Auto Parts #3199,1350 S. Park Victoria Dr. Ste.#20
AutoZone #3354,1204 N Capitol Avenue
AutoZone #2854,3880 S. El Camino Real
Bear Mountain Auto Parts & Service,31086 E Kings Canyon Road
AutoZone #3352,1820 Guerneville Rd.
AutoZone #3312,1475 Fitzgerald Drive
AutoZone #3338,32100 Alvarado Blvd.
SpeeDee Oil Change & Tune up,5564 Monterey Rd.
San Francisco Honda's Marina Service Center,2098 Lombard Street
O’Reilly Auto Parts #3585,2200 W. Monte Vista
O’Reilly Auto Parts #2585,8751 Elk Grove Blvd.
AutoZone #3331,17750 Hesperian Blvd.
O’Reilly Auto Parts #3555,8600 Brentwood Boulevard
AutoZone #5686,1448 N. El Dorado
O’Reilly Auto Parts #3567,10370 Twin Cities Rd.
O’Reilly Auto Parts #3608,6446 Pony Express Trail
O’Reilly Auto Parts #3467,12925 San Pablo Avenue
AutoZone #3303,1706 N. Texas St.
O’Reilly Auto Parts #3617,739 Herndon Ave. Ste# 101
AutoZone #3315,1122 West 11th Street
AutoZone #3369,4580 Alamaden Expressway
Speed Oil Change Center,2 Hegenberger Road
"Lathrop-Manteca Fire District, Station #31",800 East J Street
O’Reilly Auto Parts #3631,6720 Lone Tree Way
"Big Valley Ford, Inc.",3282 Auto Center Circle
Autozone #5325,979 E Manning Ave.
Speed Oil Change Center,10175 San Pablo Avenue
Sunset 76,1700 Noriega Street
O’Reilly Auto Parts #3487,1799 Story Rd.
O’Reilly Auto Parts #3100,1074 Lincoln Ave.
AutoZone #2885,94 N San Tomas Aquino Road
Oil Stop,8101 Madison Ave.
Speed Oil Change Center,5225 Shattuck Avenue #B
Speedee Oil Change & Tune Up,221 Peabody Road
AutoZone #3366,1623 A St
Jiffy Lube #3200,5316 W Spruce Ave
AutoZone #2889,5384 North Blackstone
Mercedes Benz of Stevens Creek,4500 Stevens Creek Blvd.
AutoNation Chrysler Dodge Jeep Ram,200 Automall Drive
Hayward Toyota,24773 Mission Blvd
AutoZone #3302,2160 University Avenue
Autozone #3307,320 El Camino Real
Autozone #3371,7200 Bancroft Avenue
"Razzari Nissan, Inc.",1675 Auto Center Drive
Chris's Engine and Auto Repair,4770 E 2nd St
Autozone #2842,9240 Elk Grove
O’Reilly Auto Parts #3637,1375 North Willow Avenue
O’Reilly Auto Parts #3654,497 Winton Parkway
Big Sky Enterprises,"401 W. Channel Rd, Suite C"
O’Reilly Auto Parts #3638,8416 Elk Grove-Florin Rd
O’Reilly Auto Parts #3641,1401 W. El Monte Way
Autozone #3342,3785 W. Shields
Heynneman European,3155 Kerner Blvd.
Autozone #3368,41094 Fremont Blvd.
Autozone #5690,6900 Chestnut Street
Towne Ford,1601 El Camino Real
O’Reilly Auto Parts #3635,"4425 W Ashlan Avenue, Suite 101"
Marlong INC. DBA SPEEDEE OIL CHANGE & CUSTOMER SER,44 Mission Drive
Autozone #5598,6100 Mack Road
O’Reilly Auto Parts #3657,193 Sunset Avenue
Marlong Speedee Oil Change & Tune-Up,635 Trade Zone Blvd
SpeeDee Oil Change/ Midas,2000 F Street
Speedee Oil Change & Tune-Up,736 Clovis Ave
O’Reilly Auto Parts #2923,399 East Leland Road
O’Reilly Auto Parts #3639,400 S. Norfolk Street
O’Reilly Auto Parts #3783,100 East Cypress Road
Ox Mountain Landfill,12310 San Mateo Road
O'Reilly Auto Parts #3760,353 Bayshore Boulevard
Jiffy Lube #2953,4616 Post Street
AutoZone #3361,4350 Golden Center Dr.
Autozone #3716,"5170 Foothills Blvd, Suite 150"
Speedco Truck Lube #944,1515 Hoff Drive
O’Reilly Auto Parts #3682,6117 N Figarden Drive
SpeeDee Oil Change & Tune-Up,245 W Louise
Speedee- Midas Oil Change & Tune-Up,216 W. Main St.
Smith Auto Parts,"1184 ""I"" Street"
Autozone #2852,1433 Fremont Blvd
AutoNation Honda Roseville,230 Automall Drive
SpeeDee Oil Change & Tune Up,2707 W. Monte Vista Avenue
O’Reilly Auto Parts #3670,2327 Blanding Avenue
Firestone #267487 Santa Cruz,510 Water Street
AutoZone #3333,1991 Sebastopol Road
AutoZone #3744,1541 North Sanborn Road
Jiffy Lube #3324,10340 Twin Cities Road
Boardwalk Auto Center,1 Bair Island Road
Greeley Hill True Value,6364 Greeley Hill Road
Pit Stop Auto Lube,1530 East F Street
Zoom Car Wash,4661 Quail Lakes Drive
Pro Lube Oil Change Center,3037 Sisk Rd
O’Reilly Auto Parts #3810,1551 W. Main Street
Pro Lube #102,808 S. Cherokee Lane
O’Reilly Auto Parts #3811,"1950 McHenry Ave,"
Zoom Car Wash,3434 E. Hammer Lane
AutoZone #3712,6340 Figarden Drive
TravelCenters of America,435 Winton Pkwy
Valley Fast Oil and Lube,1675 Piner Road
AutoZone #3719,1765 Mitchell Road
Lexus of Stevens Creek,300 Martin Avenue
Toyota of Clovis,895 W Shaw Avenue
Autozone 4005,3401 Yosemite Blvd
Lovelace Materials Recovery Facility & Transf,2323 East Lovelace Road
North County Recycling Center & Sanitary Land,17720 East Harney Lane
Recology Dixon - Recycling Center,302 N. 1st Street
San Joaquin County Household Hazardous,7850 South R.A. Bridgeford Street
O’Reilly Auto Parts #3827,12440 Jackson Gate Road
Autozone #3759,1520 Country Club Dr.
Livermore Airport,680 Terminal Circle
Autozone #4001,2615 South Chestnut Avenue
Jiffy Lube # 3245,1330 Holiday Lane
Alex Auto Diagnostics & Smog Check,650 Oller St.
Jiffy Lube #429,2900 Florin Road
Jiffy Lube #387,1640 Fulton Avenue
"Ramon's Tire and Auto Service, Inc.",261 Oller Street
Jiffy Lube #656,3424 Northgate Blvd.
Jiffy Lube #1463,3000 Capitol Ave
Jiffy Lube #2354,3447 Marconi Avenue
Jiffy Lube #1464,5464 Florin Rd
Jiffy Lube #1142,709 E. Bidwell Street
Jiffy Lube #2952,7405 Sheldon Road
Jiffy Lube #381,4160 Sunrise Blvd
Jiffy Lube #1138,10796 Olson Drive
AutoZone #4007,3000 Northgate Blvd
Jiffy Lube #0610,1030 El Camino Real
Jiffy Lube #0889,960 University Ave
Jiffy Lube #0606,2492 Castro Valley Blvd
Jiffy Lube #0510,4500 Clayton Rd
Jiffy Lube #1151,407 S Delaware St
Jiffy Lube #1166,39197 Cedar Blvd
Jiffy Lube #1347,6099 Geary Blvd
Jiffy Lube #1404,153 W. Jackson Street
Jiffy Lube #1802,640 Whipple Avenue
Jiffy Lube #0803,4300 Sonoma Blvd
Jiffy Lube #1403,2099 Camino Ramon
Jiffy Lube #2351,865 Abrego Street
Jiffy Lube #1328,3497 Stevens Crk Blvd
Jiffy Lube #2333,1902 N. Capitol Avenue
Jiffy Lube #2350,2415 Fremont Street
Davisville Express Lube,"2014 Lyndell Terrace, Suite A"
Jiffy Lube #2334,1705 Soquel Avenue
Jiffy Lube #2339,2795 El Camino Real
Jiffy Lube #2352,6305 Jarvis Avenue
Jiffy Lube #0296,1580 El Camino Real
Normandin Chrysler Jeep,900 Capitol Exp/Auto Mall
Jiffy Lube #0295,999 W El Camino Real
Jiffy Lube #0297,1387 Camden Ave
Jiffy Lube #0655,374 Miller Ave
Jiffy Lube #2314,535 W. Hamilton Ave
Jiffy Lube #2342,1141 W. El Camino Real
Jiffy Lube #1283,4201 Middlefield Rd
Jiffy Lube #2345,884 Blossom Hill Road
Piercey Toyota,950 Thompson Street
Jiffy Lube #1297,4195 El Camino Real
Jiffy Lube #1349,2030 Van Ness Avenue
Jiffy Lube #2346,1030 Saratoga Avenue
Jiffy Lube #1405,1219 Concord Avenue
Jiffy Lube #2332,2302 Almaden Road
Jiffy Lube #2335,2190 N. Broadway
Jiffy Lube #2321,3363 Mt. Diablo Blvd
Toyota 101,525 E. Bayshore Rd.
Canyon Fork Ace Hardware,29181 Auberry Road
Jiffy Lube #2344,3606 Camden Avenue
Pick-N-Pull Sacramento,7600 Stockton Blvd
Valvoline Instant Oil Change,5200 Squire Wells Way
Diablo Auto Care,15 Beta Court
Imperial Truck and Trailer Repair,6494 Florin Perkins Road
Jiffy Lube #3336,9170 Klagge Ct.
Foothill Auto Truck and Ag Parts Inc.,190 Park Blvd
Los Gatos Acura,16151 Los Gatos Blvd
Autozone #4014,6595 Commerce Drive
Young's Auto Center,4285 Fruitridge Road
Autozone #4012,189 Curtner
Valvoline Instant Oil Change,2225 W. Cleveland Avenue
AUTOZONE #5315,2612 North Blackstone Avenue
Harborbay 76 Service,3255 Mecartney Road
Red Carpet Quick Lube,3601 W. Shaw
Autozone #3709,1633 West Robertson BLVD
Red Carpet Quick Lube,4433 N. Blackstone
Autozone #3718,1511 First Street
O’Reilly Auto Parts #2741,1309 S. Winchester Blvd
Jiffy Lube #3142,9611 Auto Center Drive
Jiffy Lube #1875,7841 Sunrise Blvd
Jiffy Lube #2881,3470 Palmer Dr.
Firestone #321277 El Dorado Hills,390 Green Valley Road
Jiffy Lube #0608,2517 S El Camino Real
Jiffy Lube #1158,15015 Hesperian Blvd.
Jiffy Lube #1300,"2940 Bowers Ave,"
Jiffy Lube #2355,19480 Stevens Creek Blvd
Autozone #5515,698 Lincoln Avenue
Northbay Automotive,929 Petaluma Boulevard South
Elk Grove Automotive Inc.,8573 Elk Grove Blvd.
Lodi Automotive Supply,108 N. Sacramento St.
European Auto Repair Inc.,1573 Third Avenue
AutoZone #4011,3020 South Sonoma Blvd
AutoZone #4013,101 East Washington Street
AutoZone #4024,4408 Elverta Road
AutoZone #4026,901 El Camino Real
Performance Chevrolet,4811 Madison Avenue
Martens Chevrolet,1050 I Street
Mathews Harley-Davidson,548 Blackstone Ave
AutoZone #4034,3150 Fowler Avenue
Jiffy Lube #3390,1013 E. Monte Vista Ave
Fresno Lexus,777 W. Palmdon Drive
AutoZone #5602,2223 Fulton Avenue
Lucky's Express,22615 Ave 18 1/2
AutoZone #4028,7021 Main Street
AutoZone #5324,14923 Whitesbridge Road
AutoZone #4023,14270 San Pablo Avenue
Honker Cut Marine,11500 W 8 Mile Road
Cherry Pit,812 East Monte Vista Ave
AutoZone #4073,6212 Mission Street
Jiffy Lube #2330,228 N. Main Street
Jiffy Lube #1947,701 1st Street
Express Lube,1395 N. Willow Avenue
Lamorinda Auto Care Inc.,1455 Moraga Way
Alemany & Ocean 76 Auto Care,1798 Alemany Blvd
Sunnyside Sinclair,5605 E. Kings Canyon Road
AutoZone #4031,1114 Water Street
AutoZone #4048,16025 Monterey Road
AutoZone #4046,2277 Alum Rock Avenue
AutoZone #4020,8312 Elk Grove Florin Road
AutoZone #4090,3901 Santa Rita Road
Jiffy Lube,1701 Yosemite Blvd
Precise Auto dba Precise Chevron,1890 19th Avenue
Jiffy Lube #384,6709 Watt Ave.
OilStop,301 W. Kettleman Lane
Weatherford BMW,735 Ashby Avenue
The Toyota Scion Specialist,61 Willow Street
North Bay Ford Lincoln,1999 Soquel Ave.
City of Berkeley Marina,201 University Avenue
Timmons Auto & Truck Repair,2855 Contra Costa Blvd
AutoZone #5595,3609 Bradshaw Road
10 Minute Lube N' Oil,1620 Countryside Drive
AutoZone #3779,3512 Manthey Rd
Pro Alignment & Brake,2875 S. Winchester Blvd.
Dallas Shanks & Son's,40 Sycamore Ave
Diamond Mitsubishi Fuso,1505 N. 4th St.
Quality Tune Up #23,92 Serra Way
Quality Tune Up,3146 S. Bascom Ave.
BMW Motorcycles of San Francisco,489 6th St.
Devlin Road Recycling & Transfer Facility,889 Devlin Road
"Spiteri's Auto Service, Inc.",292 Old County Road
AutoZone #4084,1575 South Van Ness Avenue
Concord Chevrolet,1330 Concord Ave.
Petro Stopping Centers,28991 West Gonzaga
AutoZone #4045,6525 Fair Oaks Blvd
Mick's Automotive Inc.,1257 Thompson Ave. #D
AutoZone #4029,2009 Somersville Rd.
AutoZone #4071,14850 East 14th Street
AutoZone #4074,1641 N Street
Integrity Automotive Service,107 Whispering Pines Drive
Firestone #356612 Tracy,940 Central Avenue
Firestone #308529 Brentwood,6836 Lone Tree Way
Firestone #352686 Madison,5041 Madison Avenue
Acur-it Auto Repair,5677 Redwood Drive
BMW of Roseville,500 Automall Drive
Madera Chevrolet Toyota,1300 Country Club Drive
The Ford Store San Leandro,1111 Marina Boulevard
Bo's Imports Inc.,28184 Industrial Blvd
Mendota Smog & Repair,1415 9th Street
Pro 10 Minute Oil Change,1135 Tully Road
"County of Sacramento, North Area Recovery Station",4450 Roseville Road
Magnussen Lexus,5600 Cushing Parkway
Pick-N-Pull/ Newark #43,7400 Mowry Ave
Pick-N-Pull/ Richmond #12,1015 Market Ave
Pick-N-Pull/ San Jose North #40,1065 Commercial Street
Pick-N-Pull/ Oakland #70,8451 San Leandro Boulevard
Pick-N-Pull/ Antelope #81,8640 Antelope North Road
Pick-N-Pull/ Fresno #15,3230 E Jensen Ave
Pick-N-Pull/ Fairfield #11,4659 Air Base Parkway
"County of Sacramento, Kiefer Landfill",12701 Kiefer Blvd.
Jim's Cycles,2805 Chanticleer Avenue
"Recycling Industries, Inc.",4741 Watt Avenue
Mercedes-Benz of Marin,"540 Francisco Blvd., West"
Sacramento 49er Travel Plaza,2828 El Centro Road
AutoZone #4151,807 27th Street
AutoZone #4145,361 Roseville Square
AutoZone #5225,1500 E. Hatch Rd
AUTOZONE #3758,865 East Manning Avenue
Vasco Quick Lube,1443 N. Vasco Road
AutoZone #4042,900 North Street
AutoZone #4036,3828 East Main Street
Martinez Marina,7 North Court Street
Hopkins Acura of Fairfield,2459 Auto Mall Parkway
AutoZone # 4136,7609 Brentwood Boulevard
Autozone #4170,28150 Mission Blvd
AutoZone #6218,262 Reservation Road
Autozone #4159,5011 Laguna Blvd
Valvoline Instant Oil Change,6231 N. Blackstone Ave.
California Waste Recovery Systems,1149 Dunbar Road
O'Reilly Auto Parts #3915,12122 Yosemite Blvd
O'Reilly Auto Parts #4335,248 Sperry Ave
O'Reilly Auto Parts #3971,1620 Bell Lane
O'Reilly Auto Parts #2350,6425 Antelope Road
O'Reilly Auto Parts #4452,1810 Mitchell Rd
EDS 76 Station,2400 15th Street
O'Reilly Auto Parts #4429,3015 Monterey Rd
O'Reilly Auto Parts #3921,15196 W Whitesbridge Avenue
Golden State Peterbilt,4390 S. Bagley
Steve's Auto & Truck Parts,555 S. Main Street
O'Reilly Auto Parts #3114,1064 South White Road
O'Reilly Auto Parts #2760,40088 Highway 49
O'Reilly Auto Parts #3525,1915 El Camino Real West
O'Reilly Auto Parts #2624,1111 Branham Lane
O'Reilly Auto Parts #2754,1811 West San Carlos
O'Reilly Auto Parts #3469,18506 Prospect Road
N.O.D. Auto Service,130 Industrial Avenue Unit B
AutoZone #4096,769 North 13th Street
AutoZone #4128,2051 Monument Boulevard
AutoZone #6217,941 West March Lane
Fresno County Regional Permanent Household Hazardo,18950 West American Avenue
O'Reilly Auto Parts #4662,649 Paradise Road
O'Reilly Auto Parts #4697,2100 Standiford Avenue
O'Reilly Auto Parts #4719,15079 S. Harlan Road
Gumaro's Auto Repair Inc.,1705 Auto Center Drive
Express Oil Change,2700 El Portal Drive
AutoZone #6228,11201 Prospect Drive
Freeman Lexus,2845 Corby Avenue
Jiffy Lube #2761,200 East Yosemite
Jiffy Lube #2764,2679 First Street
Kevin L. Hinkley Auto Tech,5269 Crow Canyon Road
Napa Ford Lincoln,570 Soscol Avenue
Jiffy Lube #3736,649 Harbor Boulevard
Kings Express Tire and Lube,7891 Stockton Boulevard
LKQ All Engine Distributing,1314 E. North Avenue
Speedee Oil Change & Tune-Up,711 West Grant Line Road
Montezuma Fire District Station 182,7432 Lindbergh Street
City of Reedley,845 G Street
O'Reilly Auto Parts #4755,161 S. Highway 26
Turlock Chrysler Dodge Jeep Ram,1600 Auto Mall Drive
Autos International,2201 Commerce Avenue
AutoZone #6243,1717 W. San Carlos Avenue
Midas/Speedee,3741 Washington Boulevard
O'Reilly Auto Parts #2565,4511 Clayton Road
O'Reilly Auto Parts #3462,1033 The Alameda
O'Reilly Auto Parts #2578,7102 Santa Teresa Boulevard
O’Reilly Auto Parts #2559,816 Oakdale Road
O'Reilly Auto Parts #2592,1144 Geer Road
O'Reilly Auto Parts #2553,2620 California Street
Recology Vacaville Solano Recycling Center,855 1/2 Davis Street
Tilbury Auto Parts,1730 Jackson Avenue
King Island Marina,11530 W. Eight Mile Road
AutoZone #4166,5369 Fairside Way
AutoZone #6260,33 West Lake Avenue
AutoZone #3337,2335 El Camino Real
AutoZone #5312,3480 Palmer Drive
AutoZone #6254,1249 Elgin Avenue
O'Reilly Auto Parts #4847,1800 West Texas Street
Jiffy Lube #2763,1440 V Street
B & B Foreign Car Repair,1750 Tanen Street
Stevens Creek Chevrolet,3640 Stevens Creek Blvd
Kniesels Auto Service Centers,980 Riverside Ave
Kniesels Auto Service Centers,49 Bicentenniel Circle
O'Reilly Auto Parts #4864,1401 N Blackstone Ave
Gill Auto Group,1100 S Madera Ave
CarScience Auto Repair,4426 Peralta Boulevard
J & B Auto Sales,792 N Street
Sanford Firestone,705 Hickey Boulevard
AutoZone #3708,700 Derrick Avenue
AutoZone #6257,390 North Sunnyside
AutoZone #4099,34529 Alvarado-Niles Boulevard
Speed Oil Change Center,3601 Pearl Avenue
Speed Oil Change Center,1240 W El Camino Real
Speed Oil Change Center,2601 Decoto Road
Speed Oil Change Center,3478 Homestead Road
Ka-Pa Tires and Auto Services,4011 3rd Street
"Zaks Auto Shack, Inc.",24269 State Highway 108
Jiffy Lube #3748,1025 Powers Court
San Ramon Valley Import Center,"31 Beta Court, Suite G"
Clayton Quality Auto Services,3405 Clayton Road
AutoZone #3683,11950 Yosemite Boulevard
AutoZone #3675,8895 Greenback Lane
Morello Chevron Tire Services,2295 Morello Avenue
Walnut Creek Automotive,1855 D Contra Costa Boulevard
Virginia Hills Spirit Gas,6655 Alhambra Avenue
Leo's Tire Service,22055 W. Manning Avenue
"ToyotaPro, Inc.",1700 Concord Avenue
Valvoline Instant Oil Change,120 McHenry Avenue
O'Reilly Auto Parts #2572,15525 Los Gatos
"H & D Auto Repair, Inc.",1471 East 3rd Avenue
O'Reilly Auto Parts #2987,1051 1st Street
O'Reilly Auto Parts #2806,2660 Union Avenue
O'Reilly Auto Parts #4858,4907 Joe Howard Street
AutoZone #3668,1650 N. First Street
Castrol Premium Lube Express,3220 San Pablo Dam Road
O'Reilly Auto Parts #2557,1775 Willow Pass Road
Jiffy Lube #3814,6542 Fair Oaks Boulevard
Sundance Car Wash & Express Lube,420 Pioneer Avenue
Jiffy Lube #3765,7037 N. Blackstone Avenue
Saul's Smog and Repair,"2030 N Street, Suite B"
AutoZone #6164,2600 Crows Landing Road
Dublin Chevrolet Cadillac,4200 John Monego Ct.
Bert Williams & Sons,525 Northbay Dr.
Pick-n-Pull Auto Dismantlers,20856 Spence Road
O'Reilly Auto Parts #5620,16229 King Street
AutoZone #6281,531 S. Main Street
Channel Union 76,51424 Hwy 395
Imperial Truck Wash and Repair,2142 W Yosemite Ave
AutoZone #3695,3089 E Tulare Street
Siloe Community Tires LLC,"487 E. 6th Street, Suite B"
Faxon Garage,545 Faxon Avenue
AutoZone #5514,1488 Main St
Valvoline Instant Oil Change,549 Pacheco Blvd.
AutoZone #5590,3675 Elkhorn Blvd
A & A Tire Service & Auto Repair,1093 61st Street
AutoZone #4489,1125 Park Street
AutoZone #4488,779 E Monte Vista
Joe's Tire & Lube,4415 Howard Road
O'Reilly Auto Parts,420 Elkhorn Boulevard
Sullivan's Tire Pros,40122 Highway 49
Le's Auto Body & Engine Repair,1550 E. 12th Street
Affinity Truck Center,2707 S. East Ave
"E.F. Kludt & Sons, Inc.",1126 E. Pine Street
AutoZone #6299,5566 Cottle Road
O’Reilly Auto Parts #3183,1360 W Olive Ave
Calderon Tires Santa Cruz,309 Front St
"Woodside Auto & Tire, Inc.",333 Woodside Rd
AutoZone #5124,4036 Lone Tree Way
"Curt's Auto & RV Repair, Inc.",195 S. Pasadena Ave
AutoZone #4169,1812 Hillsdale Ave
Meineke Car Care Center #2397,3464 Foothill Blvd
Recology Davis,2727 2nd Street
San Joaquin County Fleet Services,444 S Wilson Way
T-Rex Auto Repair,2577 Elkhorn Blvd
Village West Marina,6649 Embarcadero Dr
AutoZone #6289,10047 Bruceville Rd
O'Reilly Auto Parts #5820,"2050 Town Center Plaza, B110"
Jiffy Lube #3808,3276 Grant Line Rd
Perfect Lube,1792 El Camino Real
AutoZone #3698,40059 Highway 41
O'Reilly Auto Parts #3508,361 E Washington St
Sonora Express Lube,14490 Mono Way
Sonora Express Lube #2,6 Pesce Way
O'Reilly Auto Parts #3532,1995 Sebastopol Road
Penske Used Truck Center,3025 Evergreen Ave
Livermore Ford Lincoln,2266 Kitty Hawk Road
Tiki Lagun Resort and Marina,12988 W McDonald Road
Gilroy Chevrolet Cadillac,6720 Auto Mall Court
O’Reilly Auto Parts #5817,1005 Park Blvd
"Sierra Marina, Inc.",45795 Tollhouse Road
O'Reilly Auto Parts #2937,560 Pacheco Blvd
Pick-N-Pull/Rocklin #3,6355 Pacific St (Taylor Rd.)
AutoZone #3323,400 S 2nd St
O’Reilly Auto Parts #3509,740 South Main Street
AutoZone #3367,5272 Monterey Highway
AutoZone #5310,652 Bailey Road
OILSTOP,8046 Orchard Loop Lane
Firestone #321305 Elk Grove,8055 Orchard Loop Lane
Walker Transfer Station,280 Offal Road
Mono County Department of Public Works,207 Jack Sawyer
AutoZone #4019,2225 Patterson Road
Downtown Auto Center,4145 Broadway Auto Row
AutoZone #4082,2510 Santa Rosa Avenue
Art's Automotive,2871 San Pablo Ave
Speedee Oil Change & Tuneup,1600 Sullivan Avenue
AutoZone #4188,3095 G Street
AutoZone #6219,456 Winton Parkway
AutoZone #6222,41339 Road 128
AutoZone #6258,10121 Folsom Boulevard
OilStop,330 N. Sunrise Avenue
Sugar Barge Marina,1440 Sugar Barge Marina
Jellystone's Tower Park Resort,14900 West SR 12
Quality Car Care,92 Serra Way
Monterey Regional Waste Management District,14201 Del Monte Blvd.
O'Reilly Auto Parts,360 4th Street
AutoZone #6205,117 Riley Way
AutoZone #4464,1350 Park Blvd
Holland Service,2203 San Pablo Ave
OilStop,2009 El Camino Real
OilStop,404 Saratoga Ave
OilStop,6111 Redwood Drive
OilStop,601 E Washington Street
OilStop,2190 Cleveland Ave
OilStop,5070 Redwood Drive
OilStop,1004 Lakeville Street
Oil Changer #804,2700 El Portal Drive
O’Reilly Auto Parts #2582,455-A Blossom Hill Road
Hillsdale Arco Auto Repair,880 E Hillsdale Blvd
Piercey Honda,920 Thompson Street
City of Elk Grove-Special Waste Collection Center,9255 Disposal Lane
Oil Changer #101,640 W Grand Ave
Oil Changer #105,1700 E 14th Street
Oil Changer #106,3418 Park Blvd
Oil Changer #108,2425 Lincoln Ave
Oil Changer #202,2762 El Camino Real
Oil Changers #203,780 San Antonio Rd
Oil Changer #204,889 El Camino Real
Oil Changer #301,7194 Village Pkwy
Oil Changer #302,26070 Mission Blvd
Oil Changer #303,2880 Skyline Blvd
Oil Changer #304,1247 Portola Ave
Oil Changer #401,3858 Railroad Ave
Oil Changer #403,2246 San Pablo Ave
Oil Changer #404,3144 Shane Drive
Oil Changer #405,131 N Wolfe Road
Oil Changer #601,994 W Winton Ave
Oil Changer #602,2985 Monterey Road
Oil Changer #605,4510 W Shaw Avenue
Oil Changer #607,816 Clovis Avenue
Oil Changer #611,944 Willow Road
Oil Changer #612,2171 San Ramon Valley Blvd
Oil Changer #618,4088 Thornton Avenue
Oil Changer #623,5308 Old Redwood Highway
Oil Changer #624,794 Admiral Callaghan Ln
Oil Changer #625,796 Oak Grove Road
Oil Changer #626,133 Vintage Way
O’Reilly Auto Parts #3495,"610 San Pablo Ave, Suite L"
AutoZone #4399,3455 Arden Ed.
Master Tech,60 W Main St.
Oil Changers #806,1360 B street
AutoNation Subaru Roseville,250 Automall Dr
Speedee Oil Change - Midas,1496 Freedome Blvd
AutoZone #6758,3801 Alhambra Ave.
Rolinda Farm Supply,9191 W Whitesbridge Ave.
O’Reilly Auto Parts #5908,2017 San Ramon Valley Blvd. Suite A
Tire Choice,1131 Holly Drive
Tire Choice,861 Marina Village Parkway
Tire Choice,5288 A Clayton Road
Tire Choice,3935 Alhambra Avenue
Tire Choice,431 San Pablo Avenue
Tire Choice,3430 Castro Valley Blvd
Tire Choice,6028 Dougherty Road
Tire Choice,1485 First Street
Tire Choice,3420 Stanley Blvd
Tire Choice,4216 Rosewood Drive
Ford Store Morgan Hill,17045 Condit Road
Wynns Motors,1216 Hillside Blvd.
AutoZone #6869,6071 Florin Rd.
Sunrise Auto Service,2800 San Bruno Ave.
Sunrise Auto Service,6050 Mission St.
Cervantes Auto,1417 4th Street
"Flag City Truck Services, Inc.",6386 W. Capitol Avenue
ATECH Auto Repair,5975 Mission St
M Yan Auto Repair,2579 Geneva Ave.
Pep Boys #6458,39165 Cedar Blvd.
Pep Boys #6480,1823 Soscol Ave
"Best Tires In Town 2, Inc",854 South Frankwood Ave
"Best Tires In Town, Inc",14660 East Manning Ave
Jackson Express Car Wash & Lube,106 French Bar Rd.
AutoZone #6722,1440 West Texas St.
Pick-n-Pull Auto Dismantlers,4075 Happy Lane
Kastner Honda,480 Soscol Ave
Autonation Acura Stevens Creek,4747 Stevens Creek Blvd
Tire Choice,5310 Scotts Valley Drive Unit C
Tire Choice,303 River Street
Tire Choice,311 Capitola Road Extension
Tire Choice,3002 Silver Creek Road
Tire Choice,317 First Street
Tire Choice,231 Mount Hermon Road
Tire Choice,577 University Ave
Tire Choice,5855 Cottle Rd
Tire Choice,970 Blossom Hill Road
Razzari Ford,1300 Auto Center Dr.
Greenwood Ford,300 Gateway Dr
Speedee Oil Change & Auto Service,1600 Sullivan ave
AutoZone #6239,1331 Rocking W Dr.
AutoZone #4277,4201 Norwood Ave
Mammoth Disposal Company,59 Commerce Dr.
Elite Truck Repair & Wash,10399 East Stockton Blvd.
Stevens Creek Nissan,4855 Stevens Creek Blvd
Clayton Auto Service,4746 Clayton Rd.
Mercedes-Benz of El Dorado Hills,1000 Mercedes Lane
Orinda Shell,9 Orinda Way
SpeeDee Oil Change & Auto Service,1343 Coffee Rd.
Maita Chevrolet,9650 Auto Center Dr.
Anderson Honda,1766 Embarcadero Rd.
BERKELEY HONDA AUTO CENTER,2777 Shattuck Ave.
Stevens Creek Cadillac,4355 Stevens Creek Blvd.
Stevens Creek Chevrolet,3640 Stevens Creek Blvd
Selma Kia,2775 Auto Mall Drive
Liberty Chevrolet,2755 Auto Mall Dr.
Elk Grove Kia,8480 Laguna Grove Dr.
Selma Chrysler Dodge Jeep Ram,2725 Auto Mall Dr.
Acura of Concord,1340 Concord Ave.
Tracy Chrysler Dodge Jeep Ram,3460 Naglee Rd.
Seaside Chrysler Dodge Jeep Ram,3 Geary Plaza
Fremont Chevrolet,5850 Cushing Parkway
Fremont Buick GMC Cadillac,5939 Automall Parkway
Dublin Nissan,6450 Dublin Ct.
Concord Nissan,1290 Concord Ave
Winn Kia of Fremont,5633 John Muir Dr.
Winn Volkswagen,39695 Balentine Dr.
Woodland Ford,346 Main St.
ProFleet Truck Lube,15453 North Thornton Rd.
ProFleet Truck Lube,24511 North Hwy 99
ProFleet Truck Lube,9050 Elkmont Way
Dublin Infiniti,4300 John Monego Ct.
Dublin Buick GMC,4400 John Monego Ct.
Woodland Motors,530 Quality Circle
AutoZone #6897,10336 Trinity Pkwy
AutoZone #5968,2043 Springs St.
BMW of Fremont,5720 Cushing Parkway
O'Reilly Auto Parts #5997,1165 B Arnold Dr.
Oil Changers #821,3037 Sisk Rd.
Mercedes Benz of Fairfield,2950 Automall Pkwy
Valvoline Instant Oil Change IH0001,2435 Main St
Valvoline Instant Oil Change IH0002,2749 Hillcrest Ave.
Valvoline Instant Oil Change IH0003,908 Diablo Ave.
Valvoline Instant Oil Change IH0004,1799 19th Avenue
Valvoline Instant Oil Change IH0005,1524 Second Street
Valvoline Instant Oil Change IH0006,690 Mendocino Ave
Valvoline Instant Oil Change IH0007,1760 Cavitt Dr.
Valvoline Instant Oil Change IH0008,1409 Main St.
Valvoline Instant Oil Change IH0009,2879 South Rodeo Gulch Rd.
Valvoline Instant Oil Change IH0010,1042 North Davis Rd.
Valvoline Instant Oil Change IH0011,300 7th St
Oil Changers #826,2014 Lyndell Terrace
Valvoline Instant Oil Change IH0015,2225 West Cleveland Ave.
Valvoline Instant Oil Change IH0018,5200 Squire Wells Way
Valvoline Instant Oil Change IH0019,6231 North Blackstone Ave
Valvoline Instant Oil Change IH0020,120 Mchenry Ave
Valvoline Instant Oil Change IH0021,549 East Pacheco Blvd.
Tribal Fire Station 42,500 Honpie Ct.
Golden State Nissan,650 Serramonte Blvd.
Oilstop Drive Thru Oil Change,1375 Santa Rosa Ave.
Autonation Honda Roseville Pre-Owned,100 Automall Dr.
Dodge Chrysler Jeep Ram of Vacaville,681 Orange Dr.
San Jose Conservation Corps,1560 Berger Dr.
Stevens Creek Subaru,3225 Stevens Creek Blvd.
Livermore Toyota,6200 Northfront Rd.
Keith's Auto Care,11257 Coloma Rd. Ste. B9
Wise Auto Tech,2323 San Pablo Ave
NTL Truck & Trailer Repair,8386 Gerber Rd. Ste. A
Mercedes Benz of Modesto,3900 McHenry Ave.
Modesto Subaru,4360 McHenry Ave.
Oil Changers #830,420 Pioneer Ave.
Envision Honda of Milpitas,950 Thompson St
Valvoline Instant Oil Change IH0027,1935 Market St
Valvoline Instant Oil Change IH0028,1033 Arnold Dr.
Valvoline Instant Oil Change IH0029,3500 Alhambra Ave.
Valvoline Instant Oil Change IH0013,500 West El Camino Real
O’Reilly Auto Parts #2591,170 East El Camino Real
O'Reilly Auto Parts #2745,4540 South Mission St.
O'Reilly Auto Parts #2799,8864 Madison Ave
O'Reilly Auto Parts #3032,2300 16th St
O'Reilly Auto Parts #3101,490 Court St
O'Reilly Auto Parts #3562,133 Manor Dr
O'Reilly Auto Parts #6137,3235 Yosemite Blvd
Tracy Volkswagen,2605 Auto Plaza Way
Fremont Ford,39700 Balentine Dr.
Kia of Stockton,6215 Holman Rd
"Bay Tire Salvage and Supply, Inc.",160 Bliss Ave
Larry's Tire Mart,1453 S 7th St
"B & B Tire and Rubber Company, Inc.",4225 W Capitol Ave
Wally's Tire and Wheel,1020 N Madera Ave
Davis Street Transfer Station,2615 Davis St
American Avenue Disposal,18950 W American Ave
Contra Costa Transfer & Recovery Station,951 Waterbird Way
Foothill Sanitary Landfill,6484 N Waverly Rd
Lovelace Transfer Station,2323 Lovelace Rd
North County Sanitary Landfill and Recycling Cntr.,17720 E Harney Ln
Sunnyvale Material and Recovery Transfer Station (SMART),301 Carl Rd
"West Coast Rubber Recycling, Inc.",1501 Lana Way
"Tri-C Manufacturing, Inc.",520 Harbor Blvd
"TSG Recycling Disposal, Inc.",2910 S Cherry Ave
"Waste Recovery West, Inc.",4554 S El Dorado St
Fast Tire - Coarsegold,9376 Road 24 1/2
"North State Environmental, Inc.",214 Shaw Rd
Sonoma Truck and Auto Service,899 Broadway
"Bay Area Tire Recycling, Inc",21401 Curtis Street
"New Pride Tire, Inc. (Retreader)",8977 Railroad Avenue
"Peninsula Sanitary Service, Inc.",339 Bonair Siding Rd
"CEAR, Inc.",3678 Lemay St
Goodwill Industries of the Greater East Bay,1301 30th Ave
City of Watsonville,320 Harvest Dr
Santa Cruz County,1231 Buena Vista Dr
Grey Bears,2710 Chanticleer Ave
Stanislaus County Fink Road Landfill,4000 Fink Rd
Goodwill Industries of the Redwood Empire,651 Yolanda Ave
Sonoma County Waste Management Agency,4376 Stage Gulch Rd
"FRG Waste Resources, Inc.",100 Dodd Ct
Goodwill Industries of Sacramento Valley and Northern Nevada,6648 Franklin Blvd
Conservation Corps North Bay,11 Pimentel Ct
Goodwill of Silicon Valley,950 N 7th St
Mid Valley Disposal,15300 W Jensen Ave
The Salvation Army (San Jose),702 W Taylor St
"City of Folsom, Hazardous Materials",1300 Leidesdorff St
Fremont Recycling and Transfer Station,41149 Boyce Rd
County of Yolo,44090 County Road 28H
Redwood Gospel Mission,1821 Piner Rd
E-Waste Recycling,15449 W A St
Sipi Asset Recovery,30944 San Clemente St
Fresno Economic Opportunities Commission Local Conservation Corps,1805 E California Ave
Florin Perkins Public Disposal Site,4201 Florin Perkins Rd
"Pacific Coast Recycling, Inc.",5895 Obata Way
Salvation Army Adult Rehabilitation Center (Oakland),601 Webster St
S & D Recycling,1149 Kansas Ave
Sacramento Regional Conservation Corps,6100 27th St
"Zarc International, LLC",26 S Linden Ave
"Tri Valley Recycling, Inc.",1988 E Alpine Ave
"A.S.I Cyber Concepts, LLC",33548 Central Ave
City of Santa Cruz,605 Dimeo Ln
"Pleasant Paper Recycling, Inc.",1320 Galaxy Way
"Sun's Pad & Foam Recycling, Inc.",108 Medburn St
Surplus Service,3090 Osgood Ct
Partners and Advocates for Remarkable Children and Adults (PARCA),24213 Clawiter Rd
Salvation Army Adult Rehabilitation Center (Fresno),804 S Parallel Ave
The Salvation Army Adult Rehabilitation Center (San Francisco),1500 Valencia St
Stanislaus County Department of Environmental Resources,1710 Morgan Rd
e-Recycling of California (Hayward),31702 Hayman St
ewasteSF,2915 16th St
K & K Electronics,3422 Oakdale Rd
Inyo County Recycling and Waste Management,110 Sunland Res Road
"Recycling Industries, Inc.",4741 Watt Ave
"Y2K Electronics Recycling, LLC",44875 Industrial Dr
"Bay Counties Waste Services, Inc.",301 Carl Rd
The County of Mariposa Public Works Solid Waste,5593 Highway 49 N
"Yolo Employment Services, Inc.",220 Harter Avenue
"Elite Recycling Services, LLC",37366 Filbert Street
"Electronic Recyclers of America, LLC",3243 S East Ave
Dunn and Son Recycling,2571 South Sarah Street
Recology San Francisco,501 Tunnel Ave
The Salvation Army Adult Rehabilitation Center (Stockton),1247 S Wilson Way
"GreenCitizen, Inc.",1831 Bayshore Highway
"Gilton Resource Recovery / Transfer Facility, Inc.",800 South McClure Road
D & S Electronic Recycling,1310 North Crystal Avenue
Solano Garbage Company,2901 Industrial Ct
"Professional Logistic Services, Inc.",901 North B Street
"South Bay Recycling, LLC",333 Shoreway Rd
Leghorn Hauling,1948 Leghorn Street
eWaste Sonoma: Computer & Electronics Recycling Center,3227 Santa Rosa Ave
E-Waste Gurus,201 Harris Ave
"Pena's Disposal, Inc.",12094 Avenue 408
Davis Street Transfer Station,2615 Davis St
"Strawflower Electronics, Inc.",160 San Mateo Road
San Joaquin County Office of Education,2040 East Fremont Street
"Onsite Electronics Recycling, LLC",2331 Teepee Dr
Asset Mover,2160 Elkins Way
"Go Green Sustainability Centers, Inc.",11480 Sunrise Gold Circle
"Recycling Resource Recovery Systems, LLC",3110 Busch Rd
Digital Green Global,875 Jarvis Drive
"Turlock Transfer, Inc.",1100 S Walnut Road
San Jose Conservation Corps,1534 Berger Dr
"Omega JV, Inc.",3449 Enterprise Ave
Green EWaste Recycling Center,1664 Watson Court
"Ecycle Pros, Inc.",984 Dexter Way
"Napa Recycling & Waste Services, LLC",820 Levitin Way
"Blue Line Transfer, Inc.",500 East Jamie Court
A&J Electronics Recycling E-Waste,763 Mabury Rd
"Goodwill Industries of San Francisco, San Mateo and Marin Counties",100 Utah Ave
United Recycling,1503 Lone Palm
"AERC Recycling Solutions, a Clean Earth Company",1733 Morgan Road
United Cerebral Palsy of the North Bay,5100 Fulton Drive
"Freon Free, Inc.",1881 Walters Court
"Aria Sustainability, LLC",1219 Kansas Avenue
Snowline Hospice,3961 El Dorado Road
Computer & Technology Resource Center,620 Page Street
Calicomp Corp,660 Vista Way
"Upper Valley Recycling, Inc.",4380 Silverado Trail
"Renew Computers, Inc.",446 DuBois St
"Metech Recycling, Inc.",6200 Engle Way
San Francisco Conservation Corps,1698 Evans Avenue
"Green World Recycling, Inc.",531 Eckhardt Rd
VGS Resource,8440 Belvedere Ave
Evergreen IT Solutions,37390 Centralmont Place